{"mse": 0.8163039361222444, "mae": 0.6971617342332023, "r2": 0.23731941995217143}